id,full_name,email,role,location,reporting_manager,modules,can_manage_users,email_2fa_enabled,active
35bf7883-f6ba-440d-9d6a-245cd0c9113a,"Patil, Tushar",tushar@tapallc.com,admin,US,,"{""clients"",""fin"",""pr"",""stx"",""btax"",""ptax"",""rend"",""t9"",""annual"",""timesheet"",""workload"",""users"",""billing"",""support""}",true,false,true
653d18c7-ff9c-42a4-b2ab-b254294d25af,"Esparza, Lizette",accounts4@tapallc.com,manager,US,,"{""clients"",""fin"",""pr"",""stx"",""btax"",""ptax"",""rend"",""t9"",""annual"",""timesheet"",""workload"",""users"",""billing"",""support""}",true,false,true
325dec4f-7edc-439d-a9ac-528458dadf5f,"Kulkarni,Shilpa",accounts2@tapallc.com,staff,US,,"{""clients"",""fin"",""pr"",""btax"",""ptax"",""t9"",""timesheet"",""users"",""support""}",false,false,true
ece316ab-d105-4853-a29f-1c9b0feb4536,"Noguera,Janeth",admin2@tapallc.com,staff,US,,"{""clients"",""pr"",""btax"",""ptax"",""rend"",""t9"",""annual"",""timesheet"",""users"",""support""}",false,false,true
a3470d2b-42ec-4061-86c6-971353c87d97,"Edwards,Bonnie",admin@tapallc.com,staff,US,,"{""clients"",""rend"",""annual"",""timesheet"",""users"",""billing"",""support""}",false,false,true
60e3c2e6-a2e5-4340-8d2c-b58ce02ab04d,"Patil,Sam",accounts@tapallc.com,offshore,India,,"{""clients"",""fin"",""stx"",""t9"",""timesheet"",""users"",""billing"",""support""}",false,false,true
e96697dc-439a-4ee7-b793-c539c25bfe47,"Patil,Amruta",accounts3@tapallc.com,offshore,India,,"{""clients"",""fin"",""pr"",""stx"",""t9"",""timesheet"",""users"",""support""}",false,false,true
5fd871cf-a374-4047-9c25-2fab1d0b85bd,"Ortega,Alvaro",tax2@tapallc.com,staff,US,,"{""clients"",""btax"",""users"",""support""}",false,false,true
4ab9b6f4-1b9e-4823-bbb0-898a421fadc3,"Panchasara,Sanket",tax@tapallc.com,offshore,India,,"{""clients"",""fin"",""timesheet"",""users"",""support""}",false,false,true
